"wp-content/uploads/2015/05/food-ジバニャンのふわチョコモナカ_1.jpg", "null", "1", "ジバニャンのふわチョコモナカ", "null", "null", "null"
"wp-content/uploads/2015/04/prize-ひっさつわざフィギュア（3）.jpg", "null", "1", "妖怪ウォッチ ひっさつわざフィギュア", "null", "null", "null"
"wp-content/uploads/2015/04/prize-カード付折りたたみウォレット２-1.jpg", "null", "1", "妖怪ウォッチ カード付折りたたみウォレット２", "null", "null", "null"
"wp-content/uploads/2015/04/prize-テレビ椅子.jpg", "null", "1", "妖怪ウォッチ テレビ椅子", "null", "null", "null"
"wp-content/uploads/2015/04/prize-Ｔシャツ２.jpg", "null", "1", "妖怪ウォッチ Ｔシャツ２", "null", "null", "null"
"wp-content/uploads/2015/04/prize-コロっとまんまるぬいぐるみ〜フルーツニャン登場編ｖｏｌ．１〜.jpg", "null", "1", "妖怪ウォッチ コロっとまんまるぬいぐるみ～フルーツニャン登...", "null", "null", "null"
"wp-content/uploads/2015/04/バッジ０４.jpg", "null", "1", "ニャーKB　with ツチノコパンダ　缶バッジ", "null", "null", "null"
"wp-content/uploads/2015/04/キャラポス０４.jpg", "null", "1", "ニャーKB　with ツチノコパンダ　キャラポスコレクション", "null", "null", "null"
"wp-content/uploads/2015/04/クリアファイル写真全種.jpg", "null", "1", "ニャーKB　with ツチノコパンダ　クリアファイル", "null", "null", "null"
"wp-content/uploads/2015/04/フィギュア０３.jpg", "null", "1", "ニャーKB　with ツチノコパンダ　フィギュア", "null", "null", "null"
"wp-content/uploads/2015/04/toy-DX妖怪ウォッチ-フミちゃんVer.jpg", "null", "1", "DX妖怪ウォッチ フミちゃんVer.", "null", "null", "null"
"wp-content/uploads/2015/04/a-ネコ耳02.jpg", "null", "1", "ネコ耳カチューシャ　with ツチノコパンダカード", "null", "null", "null"
"wp-content/uploads/2015/04/prize-でっかいジバニャンぬいぐるみ〜添い寝ｖｅｒ．〜.jpg", "null", "1", "妖怪ウォッチ でっかいジバニャンぬいぐるみ～添い寝ｖｅｒ．～", "null", "null", "null"
"wp-content/uploads/2015/04/prize-でっかいころりん顔型クッション.jpg", "null", "1", "妖怪ウォッチ でっかいころりん顔型クッション", "null", "null", "null"
"wp-content/uploads/2015/04/prize-圧縮ミニタオル.jpg", "null", "1", "妖怪ウォッチ 圧縮ミニタオル", "null", "null", "null"
"wp-content/uploads/2015/04/prize-エアぐるみ.jpg", "null", "1", "妖怪ウォッチ エアぐるみ", "null", "null", "null"
"wp-content/uploads/2015/04/prize-冷茶ポット＆グラス.jpg", "null", "1", "妖怪ウォッチ 冷茶ポット＆グラス", "null", "null", "null"
"wp-content/uploads/2015/03/food-妖怪プニプニぶどうグミ.jpg", "null", "1", "妖怪ウォッチ　妖怪プニプニぶどうグミ", "null", "null", "null"
"wp-content/uploads/2015/04/toy-妖怪メダル第５章_1.jpg", "null", "1", "妖怪メダル第5章 ～妖魔界のツワモノたち～", "null", "null", "null"
"wp-content/uploads/2015/04/prize-MY妖怪ウォッチコレクション-ぬいぐるみｖｏｌ．２.jpg", "null", "1", "MY妖怪ウォッチコレクション ぬいぐるみｖｏｌ．２", "null", "null", "null"