http://youkai-world.com/goods/p2218/,wp-content/uploads/2015/05/food-ジバニャンのふわチョコモナカ_1.jpg,wp-content/themes/Avada/images/img/new_icon.png,ジバニャンのふわチョコモナカ
http://youkai-world.com/goods/p2207/,wp-content/uploads/2015/04/prize-ひっさつわざフィギュア（3）.jpg,wp-content/themes/Avada/images/img/new_icon.png,妖怪ウォッチ ひっさつわざフィギュア
http://youkai-world.com/goods/p2211/,wp-content/uploads/2015/04/prize-カード付折りたたみウォレット２-1.jpg,wp-content/themes/Avada/images/img/new_icon.png,妖怪ウォッチ カード付折りたたみウォレット２
http://youkai-world.com/goods/p2205/,wp-content/uploads/2015/04/prize-テレビ椅子.jpg,wp-content/themes/Avada/images/img/new_icon.png,妖怪ウォッチ テレビ椅子
http://youkai-world.com/goods/p2203/,wp-content/uploads/2015/04/prize-Ｔシャツ２.jpg,wp-content/themes/Avada/images/img/new_icon.png,妖怪ウォッチ Ｔシャツ２	
http://youkai-world.com/goods/p2209/,wp-content/uploads/2015/04/prize-コロっとまんまるぬいぐるみ〜フルーツニャン登場編ｖｏｌ．１〜.jpg,wp-content/themes/Avada/images/img/new_icon.png,妖怪ウォッチ コロっとまんまるぬいぐるみ～フルーツニャン登...
http://youkai-world.com/goods/p2169/,wp-content/uploads/2015/04/バッジ０４.jpg,wp-content/themes/Avada/images/img/new_icon.png,ニャーKB　with ツチノコパンダ　缶バッジ
http://youkai-world.com/goods/p2159/,wp-content/uploads/2015/04/キャラポス０４.jpg,wp-content/themes/Avada/images/img/new_icon.png,ニャーKB　with ツチノコパンダ　キャラポスコレクション
http://youkai-world.com/goods/p2161/,wp-content/uploads/2015/04/クリアファイル写真全種.jpg,wp-content/themes/Avada/images/img/new_icon.png,ニャーKB　with ツチノコパンダ　クリアファイル
http://youkai-world.com/goods/p2165/,wp-content/uploads/2015/04/フィギュア０３.jpg,wp-content/themes/Avada/images/img/new_icon.png,ニャーKB　with ツチノコパンダ　フィギュア
http://youkai-world.com/goods/p2172/,wp-content/uploads/2015/04/toy-DX妖怪ウォッチ-フミちゃんVer.jpg,wp-content/themes/Avada/images/img/new_icon.png,DX妖怪ウォッチ フミちゃんVer.	
http://youkai-world.com/goods/p2163/,wp-content/uploads/2015/04/a-ネコ耳02.jpg,wp-content/themes/Avada/images/img/new_icon.png,ネコ耳カチューシャ　with ツチノコパンダカード	
http://youkai-world.com/goods/p2129/,wp-content/uploads/2015/04/prize-でっかいジバニャンぬいぐるみ〜添い寝ｖｅｒ．〜.jpg,,妖怪ウォッチ でっかいジバニャンぬいぐるみ～添い寝ｖｅｒ．～
http://youkai-world.com/goods/p2127/,wp-content/uploads/2015/04/prize-でっかいころりん顔型クッション.jpg,,妖怪ウォッチ でっかいころりん顔型クッション
http://youkai-world.com/goods/p2131/,wp-content/uploads/2015/04/prize-圧縮ミニタオル.jpg,,妖怪ウォッチ 圧縮ミニタオル
http://youkai-world.com/goods/p2124/,wp-content/uploads/2015/04/prize-エアぐるみ.jpg,,妖怪ウォッチ エアぐるみ	
http://youkai-world.com/goods/p2133/,wp-content/uploads/2015/04/prize-冷茶ポット＆グラス.jpg,,妖怪ウォッチ 冷茶ポット＆グラス
http://youkai-world.com/goods/p2103/,wp-content/uploads/2015/03/food-妖怪プニプニぶどうグミ.jpg,,妖怪ウォッチ　妖怪プニプニぶどうグミ
http://youkai-world.com/goods/p2140/,wp-content/uploads/2015/04/toy-妖怪メダル第５章_1.jpg,,妖怪メダル第5章 ～妖魔界のツワモノたち～
http://youkai-world.com/goods/p2136/,wp-content/uploads/2015/04/prize-MY妖怪ウォッチコレクション-ぬいぐるみｖｏｌ．２.jpg,,MY妖怪ウォッチコレクション ぬいぐるみｖｏｌ．２